symbol,sequence,well_coordinate
D,GTAATGCC,A1
D,GTGGTGAT,B1
D,CGACAGTA,C1
D,GTGTAAGC,D1
D,TGTGGTTG,E1
D,ACCTCGTA,F1
D,CGCTAGTT,G1
D,AATGGCAG,H1
D,AGGTCCAA,A2
D,GGTCTCAT,B2
D,TACCACAG,C2
D,ATACGACC,D2
D,CGGTAGAA,E2
D,GTGAGACT,F2
D,TATCAGCC,G2
D,CAACCAAC,H2
D,ATCGACAG,A3
D,GGTTGATG,B3
D,ATATGCGG,C3
D,GGTCATTG,D3
D,TATCCGGT,E3
D,CAACTTGC,F3
D,ACTAACCG,G3
D,AAGGCTTG,H3
D,ATGGTAGC,A4
D,GCTAGACA,B4
D,CGTACAAC,C4
D,TTAGCTCC,D4
D,AGGCATAC,E4
D,AAGGATGC,F4
D,CGATAAGC,G4
D,ACAAGCTG,H4
D,GCTTGGAT,A5
D,TACGGATG,B5
D,CAAGCAGT,C5
D,ATGAAGGC,D5
D,GTCATCCA,E5
D,TGCTGTAG,F5
D,ACACCTCA,G5
D,TAGCAAGC,H5
D,ATGTCTCC,A6
D,CAACTGCT,B6
D,CTCGAAGT,C6
D,ACTATCGC,D6
D,TATACCGC,E6
D,CGTTCTCA,F6
D,ATCTGGTC,G6
D,AAGTAGCC,H6
D,CACTGTGA,A7
D,CATCACGA,B7
D,TTCTCACC,C7
D,CTGTTGTG,D7
D,AACTACCG,E7
D,GTCAGGTT,F7
D,ATACCGTG,G7
D,GGTTAGCA,H7
D,TGGCTAGA,A8
D,CGATTACG,B8
D,ATGTCGAG,C8
D,CTCACGAA,D8
D,TGTCCTCT,E8
D,CGTTCCAT,F8
D,AGTGCAAG,G8
D,ACCGTTAC,H8
D,TGAGTGAG,A9
D,GGCTACAT,B9
D,AACCGTAG,C9
D,CTGTGAGA,D9
D,TTCGAGTC,E9
D,AGTGTACC,F9
D,ATGCAAGG,G9
D,GTCGAGAA,H9
D,CTGCATCT,A10
D,AGGTGTCA,B10
D,ATTACGCC,C10
D,GTAACCGT,D10
D,CTGCACTA,E10
D,GCGAGTAT,F10
D,TACTACGC,G10
D,AGGCTGAT,H10
D,CAACAAGG,A11
D,GCCTCTAA,B11
D,GCATGGTA,C11
D,ACAACAGG,D11
D,TGGTGGAT,E11
D,GTGGATTG,F11
D,CGCAATAG,G11
D,TGCTAAGG,H11
D,TGATGGTG,A12
D,CCTGCAAT,B12
D,GTCTCAGT,C12
D,TGGTTCTC,D12
D,AGGAGAGA,E12
D,AGCATTCC,F12
D,GTTGCCTA,G12
D,ACCTTAGC,H12
C,TACAGCAG,A1
C,GGAACCAA,B1
C,GGACGAAT,C1
C,CTGCTCAA,D1
C,CGACATTC,E1
C,TTGGTAGC,F1
C,CGCTACTA,G1
C,CGACAAGA,H1
C,TTCGGTAG,A2
C,CTTCAGCA,B2
C,AACTGCTC,C2
C,AGACCGAT,D2
C,AACGATGG,E2
C,GTCTGCTA,F2
C,AAGGTGAC,G2
C,AGGCTAAC,H2
C,GATACCGA,A3
C,ACCTTCAG,B3
C,CACCTTGA,C3
C,TGGTCACT,D3
C,AGATGGTC,E3
C,ATGGTGTG,F3
C,CCATACGA,G3
C,AGGCATTG,H3
C,CGATGTTG,A4
C,AGTATGGC,B4
C,TGGTTGAG,C4
C,GTTCAGTG,D4
C,AGCAAGTC,E4
C,CCGTAACT,F4
C,CGAATGTC,G4
C,TAATCGCC,H4
C,CAACGGAT,A5
C,TAAGACCG,B5
C,GAATGCTG,C5
C,GGCTTCAA,D5
C,AACCGAAG,E5
C,TTGCTCTC,F5
C,AAGCATCC,G5
C,ACGGATAC,H5
C,CGGTGATA,A6
C,GCCATTAC,B6
C,GCGTAATG,C6
C,CATCTCCA,D6
C,GGATGTGA,E6
C,GTAAGGCT,F6
C,AGCATCAC,G6
C,TTCGTTCC,H6
C,GGTGACAT,A7
C,ACTTCTGG,B7
C,CCTCTGTT,C7
C,GCGATAGA,D7
C,GGCACATA,E7
C,TTACGACC,F7
C,ACAGGCTA,G7
C,CTGTGTCA,H7
C,CATTCGGA,A8
C,CGGAATGA,B8
C,GGCTAAGA,C8
C,AATCGGTG,D8
C,TGCCATAG,E8
C,TAGCCAAG,F8
C,ACACTGTG,G8
C,CGCCTAAT,H8
C,ATCGGAGA,A9
C,TAGGCTTG,B9
C,GCCTTGAT,C9
C,CATAACGC,D9
C,CAGTCAAC,E9
C,GACGAATG,F9
C,TAGTTCGC,G9
C,ATAGCCAG,H9
C,AATGGACG,A10
C,CTACCACA,B10
C,GGACAGTT,C10
C,GCAAGGTA,D10
C,CTTCCGAT,E10
C,GGTCAACT,F10
C,GTGTCGTA,G10
C,AATCACCG,H10
C,AGGCTGTA,A11
C,TGTAGACG,B11
C,ACTACGAC,C11
C,GGAAGACA,D11
C,ACCACTTG,E11
C,TTACCGTG,F11
C,CCGTTGTA,G11
C,AATCCAGC,H11
C,TGAGAACC,A12
C,AGCCTACA,B12
C,ATCTCACG,C12
C,GTGGTGAA,D12
C,CACAACTG,E12
C,TGCTCTTC,F12
C,TTGACGAG,G12
C,TAGTGGTG,H12
B,TACAACCG,A1
B,TCTGGAAC,B1
B,GCAATGAC,C1
B,CGCCAATA,D1
B,TCTGCTTG,E1
B,AGACGAAC,F1
B,GTGTGATG,G1
B,GGAACTGT,H1
B,GCTGGATA,A2
B,CGAACTTG,B2
B,TCCAGTCT,C2
B,AGGTCGTA,D2
B,AGCATTGG,E2
B,ACAGTAGC,F2
B,TGCTATGG,G2
B,TATGCGAC,H2
B,CATCGTTG,A3
B,AGAATGCC,B3
B,CACCATCT,C3
B,TAACGGAG,D3
B,AGGACATC,E3
B,CAGGTGAA,F3
B,AGACACCA,G3
B,TGTTGGAC,H3
B,CACGGAAT,A4
B,TCAATCCG,B4
B,TCACGATG,C4
B,AGACAGTG,D4
B,TGATGACG,E4
B,TCTTAGCG,F4
B,GTCCACAA,G4
B,TGAGAAGC,H4
B,CAGACTGA,A5
B,TGCTTACC,B5
B,CGTAGACA,C5
B,GCAAGAGA,D5
B,CTCTTGGT,E5
B,CCAGACAA,F5
B,CCTCAACA,G5
B,CTGACCAA,H5
B,TTCTCCAC,A6
B,ACCAGATG,B6
B,GGTGAAGT,C6
B,TTACCACG,D6
B,GGACCAAT,E6
B,CTTGTGCT,F6
B,ACATTCGG,G6
B,TCCGTTAC,H6
B,GGTCTTGT,A7
B,TGGTCAAC,B7
B,GCTACTGA,C7
B,TTCTGCTG,D7
B,TTCGTCTC,E7
B,CGTAACGA,F7
B,TGACTTCC,G7
B,TCCGAAGA,H7
B,TGGTTGTG,A8
B,TGTCAGGT,B8
B,TAAGTGGC,C8
B,GTCTTCCA,D8
B,CGCAATAC,E8
B,CCACTTGA,F8
B,CGTCACAT,G8
B,ATTGGCTG,H8
B,AGCAACAG,A9
B,GCATCTCT,B9
B,AGTCCTCT,C9
B,ACGATACC,D9
B,ACAGACTG,E9
B,TGGCAATC,F9
B,CGTATGGT,G9
B,GTATCGGT,H9
B,CTGCCAAT,A10
B,TTCCACCT,B10
B,CGATGGAA,C10
B,GTGTTGTC,D10
B,CACATCCT,E10
B,AATCTCGG,F10
B,AGTGACAC,G10
B,GTGGAGAT,H10
B,TACCGCTA,A11
B,CTATTCGC,B11
B,GGTTGAGA,C11
B,TTAGCCTG,D11
B,CCGAACTA,E11
B,CAGTGTCA,F11
B,CGTTCATC,G11
B,GCTTACGA,H11
B,CACCTGTA,A12
B,CAGCAAGT,B12
B,CCAACGAT,C12
B,TGTCCTGA,D12
B,AATCAGGC,E12
B,GCTGATTC,F12
B,TGTGGTCT,G12
B,CGATTCCA,H12
A,GTAACCGA,A1
A,GACAGCAT,B1
A,CGGTAAGT,C1
A,CACTGACA,D1
A,AGACTCAC,E1
A,TCAGAGGA,F1
A,GTTGTCTG,G1
A,TGATTCGG,H1
A,TCCTCAAC,A2
A,GATGGTCT,B2
A,GTGACTCT,C2
A,AGATACCG,D2
A,CAGCAACT,E2
A,GCAGACTA,F2
A,GTATTGCC,G2
A,ATGTCTGC,H2
A,TGGTCTCA,A3
A,CATACCGT,B3
A,CTGTGAAC,C3
A,TTGGATGC,D3
A,CACTGTTG,E3
A,TGACGAAG,F3
A,AGTCACTG,G3
A,ACAATCCG,H3
A,GTCCGATT,A4
A,CGGTTGAT,B4
A,TGACAGTG,C4
A,GTCGGTAA,D4
A,CTATCGGT,E4
A,TTCACTCG,F4
A,TGCTACTG,G4
A,GGTTGGTA,H4
A,TTGACCAC,A5
A,CGACCTAT,B5
A,GGCATCAA,C5
A,TTGATGGC,D5
A,TGGCTTAC,E5
A,GGAATCGT,F5
A,GATTGTGC,G5
A,CTACACCA,H5
A,TCCAGGAT,A6
A,TTCCACTC,B6
A,ACATCGTC,C6
A,GTTACGGT,D6
A,ACGGTAGA,E6
A,GCTTGAGT,F6
A,CGGTGTAA,G6
A,CGAATCTG,H6
A,AGGTTCAG,A7
A,CTTGTCGT,B7
A,CTATGCGA,C7
A,GCGTATTC,D7
A,ATACGGTG,E7
A,CACCACAT,F7
A,AGAGTGGT,G7
A,CGTTGAGA,H7
A,GAAGTTGC,A8
A,ACGAAGAG,B8
A,AGTCCAAC,C8
A,AGGTGACA,D8
A,CATCCGAT,E8
A,AACGAGAC,F8
A,GTGAGGTT,G8
A,CGTTCAAG,H8
A,GCACAATG,A9
A,ATTGGAGG,B9
A,CACAGAGT,C9
A,TCTGTGAC,D9
A,TTCTCCGA,E9
A,TCTGCCTA,F9
A,CGGATTCT,G9
A,AAGAGTCG,H9
A,TTACTCGC,A10
A,AGTGCTTG,B10
A,TTGTGAGG,C10
A,GTCAGTGT,D10
A,GTGGTAGT,E10
A,AGACCACT,F10
A,ATGCCAAG,G10
A,CGGAACAT,H10
A,AGCACTAC,A11
A,TCGTTCAC,B11
A,AGCGATAG,C11
A,GATTCGGA,D11
A,CGACAGAA,E11
A,ACACCTGA,F11
A,TGGACACT,G11
A,TCAAGCAG,H11
A,AGCATACC,A12
A,ATGTGGTC,B12
A,CGTTACAC,C12
A,GGATGTTG,D12
A,CAGTTCGT,E12
A,CAGTGGTA,F12
A,ATGACACC,G12
A,CTGTAGCA,H12