library_type,modality,metric_key,human_readable_name,description,customer_facing,report,min_warning_threshold,max_warning_threshold,min_failure_threshold,max_failure_threshold,format
RNA,barcode,total_reads,Total Reads,Total reads observed,true,aggregated,,,,,
RNA,barcode,total_reads_with_valid_full_barcode,Reads With Valid Barcode,Reads that contain a valid full barcode,true,,,,,,
RNA,barcode,total_reads_without_valid_full_barcode,Reads Without Valid Barcode,Reads lacking a valid full barcode,true,,,,,,
RNA,barcode,fraction_reads_with_valid_full_barcode,Fraction Reads With Valid Barcode,Fraction of reads with a valid full barcode,true,aggregated,0.75,,0.6,,
RNA,barcode,fraction_reads_without_valid_full_barcode,Fraction Reads Without Valid Barcode,Fraction of reads without a valid full barcode,true,,,,,,
DNA,barcode,total_reads,Total Reads,Total reads observed,true,aggregated,,,,,
DNA,barcode,total_reads_with_valid_full_barcode,Reads With Valid Barcode,Reads that contain a valid full barcode,true,,,,,,
DNA,barcode,total_reads_without_valid_full_barcode,Reads Without Valid Barcode,Reads lacking a valid full barcode,true,,,,,,
DNA,barcode,fraction_reads_with_valid_full_barcode,Fraction Reads With Valid Barcode,Fraction of reads with a valid full barcode,true,aggregated,0.75,,0.6,,
DNA,barcode,fraction_reads_without_valid_full_barcode,Fraction Reads Without Valid Barcode,Fraction of reads without a valid full barcode,true,,,,,,
DNA,amplicon,total_reads,Total Reads,Total reads observed,true,both,,,,,
DNA,amplicon,filtered_reads,Filtered Reads,"On-target reads retained after amplicon anchoring (mapq>=20, anchored at the amplicon's modal START or END); feeds cell calling",true,both,,,,,
DNA,amplicon,variant_reads,Variant Reads,Reads passed to per-cell variant attribution; identical to Filtered Reads (both use the harmonized START-or-END anchored read set),true,,,,,,
DNA,amplicon,total_cells_over_1000_reads,Cells > 1000 Reads,"Number of cells with more than 1,000 reads.",true,,,,,,
DNA,amplicon,filtered_cells,Filtered Cells,Cells retained after filtering,true,aggregated,1000.0,,,,
DNA,amplicon,total_usable_reads_in_cells,Usable Reads In Cells,Usable reads assigned to cells,true,,,,,,
DNA,amplicon,fraction_usable_reads_in_cells,Fraction Usable Reads In Cells,Fraction of reads that are informative and assigned to cells,true,,0.7,,0.55,,
DNA,amplicon,fraction_usable_reads,Fraction Informative Reads,"Fraction of reads mapping to the fasta reference, in called cells, high quality and anchored",true,aggregated,0.7,,0.2,,
DNA,amplicon,total_usable_reads,Total Usable Reads,Total reads deemed usable,true,,,,,,
RNA,gene_expression,total_cells_over_1000_umis,Cells > 1000 UMIs,"Number of cells with more than 1,000 UMIs.",true,,,,,,
RNA,gene_expression,total_raw_reads,Total Raw Reads,Total raw reads observed,true,both,,,,,
RNA,gene_expression,filtered_cells,Filtered Cells,Cells retained after filtering,true,aggregated,1000.0,,,,
RNA,gene_expression,total_reads_in_cells,Reads In Cells,Reads assigned to cells,true,,,,,,
RNA,gene_expression,fraction_reads_in_cells,Fraction Reads In Cells,Fraction of reads assigned to cells,true,,0.75,,0.6,,
RNA,gene_expression,total_barcodes,Total Barcodes,Total barcodes detected,true,,,,,,
RNA,gene_expression,filtered_barcodes_mean_confidence,Filtered Barcodes Mean Confidence,Mean confidence score of filtered barcodes,true,,0.7,,0.4,,{:.3f}
RNA,gene_expression,filtered_barcodes_median_confidence,Filtered Barcodes Median Confidence,Median confidence score of filtered barcodes,true,,0.7,,0.4,,{:.3f}
RNA,gene_expression,median_filtered_umis_per_cell_10000,Median UMIs/Cell (10k),Median UMIs per filtered cell at 10k downsampling,false,aggregated,1000.0,,500.0,,
RNA,gene_expression,median_filtered_umis_per_cell_20000,Median UMIs/Cell (20k),Median UMIs per filtered cell at 20k downsampling,false,aggregated,1200.0,,700.0,,
RNA,gene_expression,median_filtered_genes_per_cell_10000,Median Genes/Cell (10k),Median genes per filtered cell at 10k downsampling,false,aggregated,500.0,,300.0,,
RNA,gene_expression,median_filtered_genes_per_cell_20000,Median Genes/Cell (20k),Median genes per filtered cell at 20k downsampling,false,aggregated,700.0,,500.0,,
RNA,gene_expression,fraction_usable_reads,Fraction Usable Reads,"Fraction of reads mapping to the transcriptome, holds an RNA handle, in called cells, high quality and with a UMI",true,aggregated,0.6,,0.4,,
RNA,gene_expression,total_usable_reads,Total Usable Reads,Total reads deemed usable,true,,,,,,
RNA,gene_expression,fraction_usable_reads_in_cell,Fraction Usable Reads In Cells,Fraction of reads that are usable and assigned to cells,true,aggregated,0.75,,0.6,,
RNA,gene_expression,total_usable_reads_in_cell,Usable Reads In Cells,Usable reads assigned to cells,true,,,,,,
DNA,variants,consensus.total_sites,Total discovered sites,Total discovered SNV and Indel sites using pseudo-bulk approach,true,aggregated,,,,,
DNA,variants,consensus.high_confidence_count,Consensus High Confidence Count,"Sites called by >= 2 callers. Absolute threshold, not relative to active caller count",true,,,,,,
DNA,variants,consensus.singleton_count,Consensus Singleton Count,Sites called by exactly one caller (NCALLERS=1),true,,,,,,
DNA,variants,consensus.fraction_high_confidence,Fraction High Confidence,Fraction of sites called by >= 2 callers,true,aggregated,,,,,
DNA,variants,consensus.cell_support_sites,Cell-Support Sites,Called allele-sites with at least one cell supporting the ALT in the per-cell pileup,true,aggregated,,,,,
DNA,variants,consensus.median_cells_supporting_alt,Median Cells Supporting ALT,Median number of cells voting for the ALT across cell-supported sites,true,,,,,,
DNA,variants,consensus.multicell_support_count,Multicell Support Count,Sites supported by >= 2 cells,true,,,,,,
DNA,variants,consensus.singlecell_support_count,Singlecell Support Count,Sites supported by exactly one cell (suspect: private or per-cell FP-prone),true,,,,,,
DNA,variants,consensus.fraction_multicell_support,Fraction Multicell Support,Fraction of cell-supported sites supported by >= 2 cells (multicell_support_count / cell_support_sites),true,,,,,,
DNA,variants,snvs_called,SNVs Called,Distinct SNV alleles in the merged catalog,true,aggregated,,,,,
DNA,variants,snvs_attributed,SNVs Attributed,Called SNV alleles that reached the per-cell layer (>=1 cell-assigned read carried the ALT); called - attributed is the silently-unattributed count,true,aggregated,,,,,
DNA,variants,indels_called,Indels Called,Distinct INS/DEL alleles in the merged catalog,true,aggregated,,,,,
DNA,variants,indels_attributed,Indels Attributed,"Called INS/DEL alleles attributed per-cell; called - attributed are un-pileupable indels, now surfaced as zero-support rows",true,aggregated,,,,,
DNA,variants,mnvs_called,MNVs Called,Distinct MNV alleles in the merged catalog,true,,,,,,
DNA,variants,mnvs_attributed,MNVs Attributed,Called MNV alleles attributed per-cell (0 until a per-cell MNV path exists),true,,,,,,
